artist_name,handle,channel_id
Taylor Swift,@taylorswift,UCqECaJ8Gagnn7YCbPEzWH6g
Ariana Grande,@arianagrande,UC9CoOnJkIBMdeijd9qYoT_g
Bruno Mars,@brunomars,UCoUM-UJ7rirJYP8CQ0EIaHA
Michael Jackson,@michaeljackson,UC5OrDvL9DscpcAstz7JnQGA
Beyoncé,@beyonce,UCuHzBCaKmtaLcRAOoazhCPA
Lady Gaga,@ladygaga,UCNL1ZadSjHpjm4q9j2sVtOA
Billie Eilish,@billieeilish,UCiGm_E4ZwYSHV3bcW1pnSeQ
Kendrick Lamar,@kendricklamar,UC3lBXcrKFnFAFkfVk5WuKcQ
Miley Cyrus,@miley,UCn7dB9UMTBDjKtEKBy_XISw
Eminem,@eminem,UCfM3zsQsOnfWNUppiycmBuw
Diplo,@diplo,UCKp7UVaoVuiW1qtyPLPVFMQ
Katy Perry,@katyperry,UCYvmuw-JtVrTZQ-7Y4kd63Q
Post Malone,@postmalone,UCeLHszkByNZtPKcaVXOCOQQ
Future,@future,UCToaMhG2077evtP92WaLE3g
Olivia Rodrigo,@oliviarodrigo,UCy3zgWom-5AGypGX_FVTKpg
Maroon 5,@maroon5,UCBVjMGOIkavEAhyqpxJ73Dw
Nicki Minaj,@nickiminaj,UC3jOd7GUMhpgJRBhiLzuLsg
Lana Del Rey,@lanadelrey,UCqk3CdGN_j8IR9z4uBbVPSg
Kanye West,@kanyewest,UCs6eXM7s8Vl5WcECcRHc2qQ
Selena Gomez,@selenagomez,UCPNxhDvTcytIdvwXWAm43cA
KATSEYE,@katseyeworld,UCA61H4fWOMHikLcUFKyQUog
Travis Scott,@travisscott,UCWY9g9jNYh6AS-E8-SKfBmA
Linkin Park,@linkinpark,UCZU9T1ceaOgwfLRq7OKFU4Q
Justin Timberlake,@justintimberlake,UC-y8ci7xfsu4L3zkSuHae0A
Pitbull,@pitbull,UCv8nzwVPQDRjkPCkEsOdEwA
Lil Wayne,@lilwayne,UCO9zJy7HWrIS3ojB4Lr7Yqw
Cardi B,@cardib,UCxMAbVFmxKUVGAll0WVGpFw
Dolly Parton,@dollyparton,UCuGuRQHrvoNsD-AolV0X39g
Snoop Dogg,@snoopdogg,UC-OO324clObi3H-U0bP77dw
Imagine Dragons,@imaginedragons,UCT9zcQNlyht7fRlcjmflRSA
Sabrina Carpenter,@sabrinacarpenter,UCPKWE1H6xhxwPlqUlKgHb_w
Doja Cat,@dojacat,UCzpl23pGTHVYqvKsgY0A-_w
Romeo Santos,@romeo,UCyxbZF7_PK4nLiexj0kkCNg
JAŸ-Z,@jayzslifeandtimes,UCN-sc1xJr-QQNj_uNIM9wTA
SZA,@sza,UCO5IQ70V7l-XpHW40HwaGsw
Marshmello,@marshmello,UCEdvpU2pFRCVqU6yIPyTpMQ
XXXTENTACION,@xxxtentacion,UCM9r1xn6s30OnlJWb-jc3Sw
Jason Derulo,@jasonderulo,UCe3yZzUwpmy2eKKmF9svX0Q
Wiz Khalifa,@wizkhalifa,UCVp3nfGRxmMadNDuVbJSk8A
Madonna,@madonna,UC81VD6eeuLLSfyY_D-N8sVw
Jennifer Lopez,@jenniferlopez,UCr8RjWUQ_9KYcIPmWiqBroQ
Megan Thee Stallion,@megantheestallion,UCKrdjiuS66yXOdEZ_cOD_TA
Black Eyed Peas,@blackeyedpeas,UCBFaOy1_APEXEyA6Gws_Y1g
USHER,@usher,UCaNrhBiXsXIM2epDl_kEzgQ
Britney Spears,@britneyspears,UCgffc95YDBlkGrBAJUHUmXQ
Juice WRLD,@juicewrld,UC0BletW9phE4xHFM44q4qKA
50 Cent,@50cent,UC8zJedg1f4sKnyuHWeS6vyw
Morgan Wallen,@morganwallen,UCzIyoPv6j1MAZpDHKLGP_eA
Mariah Carey,@mariahcarey,UCurpiDXSkcUbgdMwHNZkrCg
P!nk,@PinkVideoVault,UCE5yTn9ljzSnC_oMp9Jnckg
Ed Sheeran,@edsheeran,UC0C-w0YjGpqDXGB8IHb662A
Dua Lipa,@dualipa,UC-J-KZfRV8c13fOCkhXdLiQ
Calvin Harris,@calvinharris,UCIjYyZxkFucP_W-tmXg_9Ow
Coldplay,@coldplay,UCDPM_n1atn2ijUwHd0NNRQw
Adele,@adele,UCsRM0YB_dabtEPGPTKo-gcw
One Direction,@onedirectionchannel,UCb2HGwORFBo94DmRx4oLzow
Harry Styles,@harrystyles,UCZFWPqqPkFlNwIxcpsLOwew
Ellie Goulding,@elliegouldingofficial,UCt-am4x4ZyeohfgM85qFgdQ
Queen,@queen,UCiMhD4jzUqG-IgPzUmmytRQ
Sam Smith,@samsmith,UCvpDeGlR5wLP9Z3Tb6K0Xfg
Elton John,@eltonjohn,UCcd0tBtip8YzdTCUw3OVv_Q
Olivia Dean,@oliviadean,UCT3cEUoL1X0_BxN6q7LVH1w
Fleetwood Mac,@fleetwoodmac,UCAb60rVrvVQVfSgrX1UWb0g
ZAYN,@zayn,UC3PdiRW5dUA4V70ueeR1eHA
The Beatles,@thebeatles,UCc4K7bAqpdBP8jh1j9XZAww
Arctic Monkeys,@arcticmonkeys,UC-KTRBl9_6AX10-Y7IKwKdw
New Order,@neworder,UCeROFwqsf3ADf02l5JzVKJg
Oasis,@oasisinetofficial,UCUDVBtnOQi4c7E8jebpjc9Q
Radiohead,@radiohead,UCq19-LqvG35A-30oyAiPiqA
The Rolling Stones,@therollingstones,UCB_Z6rBg3WW3NL4-QimhC2A
Charli xcx,@officialcharlixcx,UCOvEMf00DnwdkpOCRWdc6uA
RAYE,@RAYEofficial,UCw5z_dopYnvEL6Rc8KNKsnw
Clean Bandit,@cleanbandit,UCvhQPdeTHzIRneScV8MIocg
Dave,@SantanDave,UC5-cg5RahETrjGu-r8zjYCQ
Gorillaz,@gorillaz,UCfIXdjDQH9Fau7y99_Orpjw
Bee Gees,@beegees,UCD9sCcKXnFxMeuFoNayVxeQ
Sienna Spiro,@siennaspiro,UCd5sMkyvImc50eLIpwy3UaQ
Central Cee,@centralcee,UCV_CsAy5CNBX_uwDQ7RMe1Q
James Arthur,@jamesarthur,UCV5Gw7GGOMxe6SSF6llp_3Q
ANOTR,@anotr,UCnhPGbTnyU9QtDmnqO5vrqA
Clementine Douglas,@ClementineDouglasMusic,UC290KXfe5tAJ-K6KrbwNgWw
Anne-Marie,@annemarie,UCBL7ZxVX4GvW4CFiES_-0YA
PinkPantheress,@ponies721,UCufuq24Cef6-CdmEiZmXTBg
David Bowie,@davidbowie,UC8YgWcDKi1rLbQ1OtrOHeDw
Paul McCartney,@paulmccartney,UCvGnJy9RnXX0kGSnDPKCZzQ
Lewis Capaldi,@lewiscapaldi,UCveFkLdSOUsGwMJEgedO9dQ
The Cure,@thecure,UCL_zMdXdM51oSi5XpxTvRtQ
George Michael,@georgemichael,UCR1LVH-teuA3-Kfy576TYSw
Fred again..,@Fredagainagain,UCXF6DMVLIVRr2OQAqyfEGeg
Jessie J,@jessiejofficial,UC4pEp0mo54WhEBCTYvjVDJA
Tom Odell,@tomodell,UCw82hVTqhUUGOQIrGcG8HIw
Labrinth,@labrinth,UChEJTRbiCUULBRZuD9_77EA
Tears For Fears,@TearsForFearsOfficial,UCyH3IAelkUFM0u6Iacx22lA
Bastille,@BASTILLEvideos,UC0q_PBWOkFe3SKllFXf3eWw
beabadoobee,@beabadoobee,UCOf6pX571cKC0rhOZqv2y7Q
Florence + The Machine,@florencemachine,UC5MujsH-hrVWHBBfSSmv18A
Black Sabbath,@blacksabbath,UCrx-X329UKv0Y06VhfpFVvw
Muse,@Museband,UCGGhM6XCSJFQ6DTRffnKRIw
Myles Smith,@MylesSmithT,UCZfbjzBfq81Dt1Fvrnbsj5w
Rod Stewart,@rodstewart,UCm09uYWfEygr5gWjDm9xmUA
